complaint_id,operator,complaint_text,complaint_category,sentiment_score,date,governorate,likes,replies,source,collection_timestamp
1,orange,رصيدي انتهى فجأة,balance,0.198,2025-10-12,Giza,6,3,synthetic,2025-11-03 13:48:25.966020
2,vodafone,رصيدي انتهى فجأة,balance,-0.57,2025-09-09,Unknown,0,1,synthetic,2025-11-03 13:48:25.966035
3,etisalat,خصم مبلغ غير صحيح من رصيدي,billing,-0.659,2025-09-15,Unknown,1,2,synthetic,2025-11-03 13:48:25.966044
4,vodafone,مشكلة في الشبكة في Ismailia,network,-0.016,2025-09-18,Ismailia,14,4,synthetic,2025-11-03 13:48:25.966052
5,etisalat,لا يوجد إشارة في الطابق السفلي في Port Said,network,-0.226,2025-09-23,Port Said,13,2,synthetic,2025-11-03 13:48:25.966060
6,vodafone,No network coverage in Unknown area,network,-0.051,2025-10-11,Unknown,10,2,synthetic,2025-11-03 13:48:25.966068
7,vodafone,Customer service not answering,customer_service,-0.421,2025-09-17,Minya,6,1,synthetic,2025-11-03 13:48:25.966074
8,vodafone,Waiting 30 minutes for customer service,customer_service,-0.592,2025-10-10,Gharbia,0,5,synthetic,2025-11-03 13:48:25.966080
9,etisalat,سرعة النت سيئة اليوم في Cairo,internet,0.018,2025-10-27,Cairo,8,5,synthetic,2025-11-03 13:48:25.966091
10,we,الإشارة ضعيفة في Qalyubia,network,-0.583,2025-09-26,Qalyubia,2,0,synthetic,2025-11-03 13:48:25.966106
11,etisalat,Network keeps dropping in Unknown,network,-0.679,2025-09-18,Unknown,8,0,synthetic,2025-11-03 13:48:25.966112
12,orange,المكالمات تنقطع فجأة,calls,0.063,2025-10-11,Gharbia,15,2,synthetic,2025-11-03 13:48:25.966118
13,vodafone,Incorrect charges on my bill,billing,-0.032,2025-09-09,Luxor,10,0,synthetic,2025-11-03 13:48:25.966124
14,vodafone,Incorrect charges on my bill,billing,-0.408,2025-10-14,Unknown,6,0,synthetic,2025-11-03 13:48:25.966129
15,vodafone,الفاتورة غير صحيحة هذا الشهر,billing,0.188,2025-10-31,Unknown,15,0,synthetic,2025-11-03 13:48:25.966135
16,etisalat,لا يوجد إشارة في الطابق السفلي في Dakahlia,network,-0.004,2025-10-07,Dakahlia,11,5,synthetic,2025-11-03 13:48:25.966141
17,we,رصيدي انتهى فجأة,balance,0.158,2025-10-31,Qalyubia,7,1,synthetic,2025-11-03 13:48:25.966147
18,orange,الإشارة ضعيفة في Unknown,network,-0.518,2025-11-02,Unknown,1,1,synthetic,2025-11-03 13:48:25.966152
19,orange,فاتورتي أعلى من المعتاد بدون سبب,billing,0.149,2025-10-31,Alexandria,7,0,synthetic,2025-11-03 13:48:25.966160
20,orange,Internet keeps disconnecting in Unknown,internet,-0.345,2025-10-07,Unknown,3,2,synthetic,2025-11-03 13:48:25.966166
21,vodafone,لا يوجد إشارة في الطابق السفلي في Unknown,network,-0.636,2025-09-05,Unknown,12,2,synthetic,2025-11-03 13:48:25.966171
22,etisalat,رصيدي انتهى فجأة,balance,0.146,2025-10-27,Luxor,0,0,synthetic,2025-11-03 13:48:25.966177
23,orange,Customer service not answering,customer_service,-0.541,2025-11-01,Monufia,12,0,synthetic,2025-11-03 13:48:25.966183
24,orange,رصيدي انتهى فجأة,balance,-0.492,2025-09-13,Giza,12,4,synthetic,2025-11-03 13:48:25.966188
25,we,Balance deduction is too quick,balance,-0.556,2025-10-23,Beheira,0,3,synthetic,2025-11-03 13:48:25.966194
26,we,جودة المكالمات سيئة,calls,-0.623,2025-09-13,Ismailia,9,3,synthetic,2025-11-03 13:48:25.966199
27,etisalat,لا يوجد رد من خدمة العملاء,customer_service,-0.476,2025-10-20,Unknown,6,5,synthetic,2025-11-03 13:48:25.966210
28,etisalat,Bill amount is wrong this month,billing,-0.368,2025-10-26,Unknown,15,2,synthetic,2025-11-03 13:48:25.966215
29,orange,لا يوجد رد من خدمة العملاء,customer_service,0.171,2025-09-04,Qalyubia,13,1,synthetic,2025-11-03 13:48:25.966222
30,vodafone,الإنترنت بطيء جداً في Ismailia منذ ٣ أيام,internet,-0.652,2025-10-22,Ismailia,0,1,synthetic,2025-11-03 13:48:25.966228
31,orange,الرصيد ينتهي بسرعة كبيرة,balance,0.024,2025-09-27,Faiyum,15,0,synthetic,2025-11-03 13:48:25.966234
32,orange,مشكلة في الشبكة في Unknown,network,-0.167,2025-09-11,Unknown,8,5,synthetic,2025-11-03 13:48:25.966240
33,etisalat,Customer service not answering,customer_service,-0.327,2025-09-29,Qalyubia,0,4,synthetic,2025-11-03 13:48:25.966249
34,we,لا يوجد إشارة في الطابق السفلي في Qena,network,0.138,2025-09-26,Qena,5,3,synthetic,2025-11-03 13:48:25.966255
35,vodafone,No network coverage in Unknown area,network,-0.59,2025-09-21,Unknown,13,1,synthetic,2025-11-03 13:48:25.966262
36,vodafone,سرعة النت سيئة اليوم في Unknown,internet,0.039,2025-09-14,Unknown,5,2,synthetic,2025-11-03 13:48:25.966267
37,vodafone,No network coverage in Unknown area,network,-0.5,2025-09-29,Unknown,4,5,synthetic,2025-11-03 13:48:25.966273
38,orange,"Slow internet in Alexandria, can't even browse",internet,-0.01,2025-10-07,Alexandria,5,4,synthetic,2025-11-03 13:48:25.966279
39,we,فاتورتي أعلى من المعتاد بدون سبب,billing,-0.74,2025-10-19,Qena,14,1,synthetic,2025-11-03 13:48:25.966286
40,vodafone,My balance finishes too fast,balance,-0.294,2025-09-09,Gharbia,13,0,synthetic,2025-11-03 13:48:25.966292
41,orange,المكالمات تنقطع فجأة,calls,-0.247,2025-10-26,Sohag,0,1,synthetic,2025-11-03 13:48:25.966297
42,orange,No network coverage in Qena area,network,-0.111,2025-10-26,Qena,0,3,synthetic,2025-11-03 13:48:25.966304
43,etisalat,رصيدي انتهى فجأة,balance,-0.687,2025-10-24,Qena,0,4,synthetic,2025-11-03 13:48:25.966309
44,vodafone,خصم مبلغ غير صحيح من رصيدي,billing,-0.189,2025-10-31,Monufia,9,1,synthetic,2025-11-03 13:48:25.966315
45,we,خدمة العملاء لا ترد على الاتصالات,customer_service,-0.655,2025-10-09,Faiyum,4,2,synthetic,2025-11-03 13:48:25.966321
46,orange,لا يوجد رد من خدمة العملاء,customer_service,-0.031,2025-10-28,Qalyubia,0,1,synthetic,2025-11-03 13:48:25.966326
47,orange,الرصيد ينتهي بسرعة كبيرة,balance,0.16,2025-10-11,Monufia,1,3,synthetic,2025-11-03 13:48:25.966332
48,orange,مشكلة في إجراء المكالمات,calls,-0.467,2025-10-20,Alexandria,13,3,synthetic,2025-11-03 13:48:25.966337
49,we,الإشارة ضعيفة في Unknown,network,-0.091,2025-11-03,Unknown,9,0,synthetic,2025-11-03 13:48:25.966345
50,vodafone,لا يوجد إشارة في الطابق السفلي في Suez,network,-0.241,2025-10-09,Suez,9,3,synthetic,2025-11-03 13:48:25.966351
51,orange,سرعة النت سيئة اليوم في Unknown,internet,-0.685,2025-10-26,Unknown,0,1,synthetic,2025-11-03 13:48:25.966357
52,orange,Balance deduction is too quick,balance,-0.399,2025-10-09,Faiyum,9,2,synthetic,2025-11-03 13:48:25.966362
53,orange,رصيدي انتهى فجأة,balance,-0.723,2025-09-13,Unknown,15,0,synthetic,2025-11-03 13:48:25.966367
54,vodafone,فاتورتي أعلى من المعتاد بدون سبب,billing,-0.1,2025-10-07,Qalyubia,15,0,synthetic,2025-11-03 13:48:25.966373
55,orange,مشكلة في إجراء المكالمات,calls,-0.364,2025-11-02,Beheira,15,3,synthetic,2025-11-03 13:48:25.966384
56,we,رصيدي انتهى فجأة,balance,-0.04,2025-10-28,Minya,10,0,synthetic,2025-11-03 13:48:25.966390
57,etisalat,رصيدي انتهى فجأة,balance,-0.023,2025-10-16,Unknown,9,3,synthetic,2025-11-03 13:48:25.966395
58,vodafone,Internet keeps disconnecting in Giza,internet,-0.011,2025-09-23,Giza,4,3,synthetic,2025-11-03 13:48:25.966402
59,orange,Waiting 30 minutes for customer service,customer_service,-0.032,2025-10-11,Sharqia,3,3,synthetic,2025-11-03 13:48:25.966410
60,etisalat,خدمة العملاء سيئة جداً,customer_service,-0.574,2025-10-04,Qalyubia,8,1,synthetic,2025-11-03 13:48:25.966415
61,etisalat,"Slow internet in Luxor, can't even browse",internet,-0.21,2025-09-21,Luxor,10,3,synthetic,2025-11-03 13:48:25.966421
62,vodafone,"Can't make calls, network busy",calls,-0.568,2025-09-27,Unknown,12,0,synthetic,2025-11-03 13:48:25.966426
63,vodafone,Incorrect charges on my bill,billing,-0.5,2025-10-07,Qalyubia,4,2,synthetic,2025-11-03 13:48:25.966432
64,vodafone,الفاتورة غير صحيحة هذا الشهر,billing,-0.664,2025-09-26,Unknown,12,1,synthetic,2025-11-03 13:48:25.966438
65,orange,Internet keeps disconnecting in Port Said,internet,-0.273,2025-09-06,Port Said,5,1,synthetic,2025-11-03 13:48:25.966444
66,orange,Network keeps dropping in Sharqia,network,-0.372,2025-09-25,Sharqia,12,1,synthetic,2025-11-03 13:48:25.966450
67,orange,"Slow internet in Minya, can't even browse",internet,-0.261,2025-10-29,Minya,14,3,synthetic,2025-11-03 13:48:25.966456
68,orange,الإشارة ضعيفة في Port Said,network,-0.187,2025-10-02,Port Said,14,1,synthetic,2025-11-03 13:48:25.966462
69,etisalat,الإنترنت بطيء جداً في Beheira منذ ٣ أيام,internet,-0.338,2025-09-12,Beheira,12,1,synthetic,2025-11-03 13:48:25.966470
70,etisalat,الرصيد ينتهي بسرعة كبيرة,balance,-0.714,2025-10-30,Qena,14,4,synthetic,2025-11-03 13:48:25.966475
71,vodafone,الفاتورة غير صحيحة هذا الشهر,billing,-0.728,2025-10-07,Aswan,7,4,synthetic,2025-11-03 13:48:25.966481
72,etisalat,سرعة النت سيئة اليوم في Faiyum,internet,-0.089,2025-10-26,Faiyum,0,1,synthetic,2025-11-03 13:48:25.966486
73,vodafone,المكالمات تنقطع فجأة,calls,0.009,2025-10-14,Giza,1,5,synthetic,2025-11-03 13:48:25.966494
74,etisalat,Customer service not answering,customer_service,0.055,2025-09-15,Port Said,0,3,synthetic,2025-11-03 13:48:25.966499
75,we,فاتورتي أعلى من المعتاد بدون سبب,billing,-0.154,2025-09-29,Beni Suef,1,4,synthetic,2025-11-03 13:48:25.966505
76,vodafone,الإشارة ضعيفة في Cairo,network,-0.27,2025-10-16,Cairo,15,3,synthetic,2025-11-03 13:48:25.966511
77,orange,لا يوجد رد من خدمة العملاء,customer_service,-0.179,2025-10-31,Suez,5,4,synthetic,2025-11-03 13:48:25.966516
78,orange,مشكلة في شحن الرصيد,balance,-0.264,2025-09-28,Luxor,8,1,synthetic,2025-11-03 13:48:25.966523
79,orange,No network coverage in Port Said area,network,-0.772,2025-10-01,Port Said,7,5,synthetic,2025-11-03 13:48:25.966530
80,orange,"Slow internet in Alexandria, can't even browse",internet,-0.553,2025-09-17,Alexandria,15,3,synthetic,2025-11-03 13:48:25.966536
81,vodafone,مشكلة في الشبكة في Beni Suef,network,0.195,2025-10-09,Beni Suef,5,4,synthetic,2025-11-03 13:48:25.966542
82,vodafone,جودة المكالمات سيئة,calls,0.185,2025-10-22,Aswan,12,5,synthetic,2025-11-03 13:48:25.966548
83,etisalat,مشكلة في إجراء المكالمات,calls,0.059,2025-10-01,Gharbia,10,2,synthetic,2025-11-03 13:48:25.966553
84,orange,سرعة النت سيئة اليوم في Gharbia,internet,-0.52,2025-09-13,Gharbia,3,3,synthetic,2025-11-03 13:48:25.966559
85,vodafone,No network coverage in Aswan area,network,-0.444,2025-11-01,Aswan,3,4,synthetic,2025-11-03 13:48:25.966565
86,we,مشكلة في إجراء المكالمات,calls,0.139,2025-09-24,Dakahlia,7,4,synthetic,2025-11-03 13:48:25.966571
87,orange,My balance finishes too fast,balance,-0.105,2025-11-03,Sharqia,5,2,synthetic,2025-11-03 13:48:25.966577
88,vodafone,Customer service not answering,customer_service,0.029,2025-10-20,Alexandria,11,1,synthetic,2025-11-03 13:48:25.966582
89,vodafone,مشكلة في النت في منطقة Gharbia,internet,-0.793,2025-09-12,Gharbia,3,1,synthetic,2025-11-03 13:48:25.966590
90,orange,الإشارة ضعيفة في Alexandria,network,-0.566,2025-09-25,Alexandria,4,0,synthetic,2025-11-03 13:48:25.966596
91,we,Customer service not answering,customer_service,-0.31,2025-10-03,Beheira,4,3,synthetic,2025-11-03 13:48:25.966601
92,vodafone,مشكلة في شحن الرصيد,balance,-0.641,2025-10-18,Sharqia,2,5,synthetic,2025-11-03 13:48:25.966607
93,vodafone,المكالمات تنقطع فجأة,calls,-0.211,2025-10-25,Unknown,9,2,synthetic,2025-11-03 13:48:25.966612
94,vodafone,مشكلة في إجراء المكالمات,calls,-0.201,2025-09-26,Unknown,8,0,synthetic,2025-11-03 13:48:25.966618
95,vodafone,No network coverage in Beni Suef area,network,0.178,2025-09-14,Beni Suef,7,3,synthetic,2025-11-03 13:48:25.966624
96,etisalat,المكالمات تنقطع فجأة,calls,-0.215,2025-09-25,Sharqia,15,0,synthetic,2025-11-03 13:48:25.966630
97,we,Network keeps dropping in Unknown,network,-0.391,2025-09-29,Unknown,1,3,synthetic,2025-11-03 13:48:25.966635
98,orange,Incorrect charges on my bill,billing,-0.125,2025-09-10,Suez,6,0,synthetic,2025-11-03 13:48:25.966641
99,vodafone,خدمة العملاء لا ترد على الاتصالات,customer_service,0.104,2025-09-24,Unknown,14,0,synthetic,2025-11-03 13:48:25.966647
100,etisalat,لا يوجد رد من خدمة العملاء,customer_service,-0.354,2025-10-07,Giza,6,2,synthetic,2025-11-03 13:48:25.966653
101,we,فاتورتي أعلى من المعتاد بدون سبب,billing,-0.234,2025-09-15,Suez,12,4,synthetic,2025-11-03 13:48:25.966663
102,orange,Incorrect charges on my bill,billing,-0.633,2025-09-30,Unknown,7,1,synthetic,2025-11-03 13:48:25.966669
103,we,الرصيد ينتهي بسرعة كبيرة,balance,-0.417,2025-10-20,Port Said,6,3,synthetic,2025-11-03 13:48:25.966674
104,etisalat,مشكلة في النت في منطقة Luxor,internet,-0.181,2025-09-22,Luxor,8,3,synthetic,2025-11-03 13:48:25.966680
105,orange,مشكلة في النت في منطقة Unknown,internet,-0.578,2025-09-13,Unknown,14,4,synthetic,2025-11-03 13:48:25.966686
106,vodafone,Balance deduction is too quick,balance,-0.79,2025-10-05,Asyut,11,4,synthetic,2025-11-03 13:48:25.966691
107,orange,جودة المكالمات سيئة,calls,-0.313,2025-10-23,Sohag,6,2,synthetic,2025-11-03 13:48:25.966697
108,we,خدمة العملاء لا ترد على الاتصالات,customer_service,-0.349,2025-10-03,Cairo,15,4,synthetic,2025-11-03 13:48:25.966702
109,orange,مشكلة في الشبكة في Aswan,network,-0.761,2025-10-02,Aswan,6,5,synthetic,2025-11-03 13:48:25.966710
110,vodafone,الإنترنت بطيء جداً في Minya منذ ٣ أيام,internet,-0.579,2025-10-07,Minya,1,4,synthetic,2025-11-03 13:48:25.966716
111,orange,الإشارة ضعيفة في Giza,network,-0.393,2025-09-16,Giza,6,0,synthetic,2025-11-03 13:48:25.966722
112,we,جودة المكالمات سيئة,calls,-0.109,2025-10-07,Qena,2,1,synthetic,2025-11-03 13:48:25.966728
113,we,مشكلة في شحن الرصيد,balance,-0.424,2025-10-10,Luxor,13,5,synthetic,2025-11-03 13:48:25.966733
114,orange,خصم مبلغ غير صحيح من رصيدي,billing,-0.562,2025-10-02,Sharqia,14,5,synthetic,2025-11-03 13:48:25.966738
115,etisalat,Customer service not answering,customer_service,-0.713,2025-10-14,Beheira,3,2,synthetic,2025-11-03 13:48:25.966744
116,orange,No network coverage in Giza area,network,0.11,2025-09-13,Giza,3,4,synthetic,2025-11-03 13:48:25.966750
117,vodafone,Bill amount is wrong this month,billing,-0.226,2025-10-29,Faiyum,13,0,synthetic,2025-11-03 13:48:25.966757
118,vodafone,Calls dropping frequently,calls,0.031,2025-10-27,Qena,13,4,synthetic,2025-11-03 13:48:25.966763
119,orange,Incorrect charges on my bill,billing,-0.191,2025-10-31,Minya,12,2,synthetic,2025-11-03 13:48:25.966776
120,we,مشكلة في شحن الرصيد,balance,0.05,2025-10-07,Unknown,14,3,synthetic,2025-11-03 13:48:25.966782
121,vodafone,Internet keeps disconnecting in Giza,internet,-0.683,2025-10-17,Giza,0,2,synthetic,2025-11-03 13:48:25.966788
122,orange,No network coverage in Beheira area,network,-0.305,2025-09-11,Beheira,8,4,synthetic,2025-11-03 13:48:25.966794
123,etisalat,مشكلة في شحن الرصيد,balance,0.194,2025-10-01,Unknown,0,3,synthetic,2025-11-03 13:48:25.966800
124,vodafone,Customer service not answering,customer_service,0.087,2025-10-20,Giza,14,0,synthetic,2025-11-03 13:48:25.966805
125,vodafone,مشكلة في النت في منطقة Sharqia,internet,-0.313,2025-09-18,Sharqia,14,3,synthetic,2025-11-03 13:48:25.966811
126,orange,خصم مبلغ غير صحيح من رصيدي,billing,0.141,2025-10-19,Sharqia,1,4,synthetic,2025-11-03 13:48:25.966817
127,orange,Incorrect charges on my bill,billing,-0.132,2025-10-30,Unknown,15,4,synthetic,2025-11-03 13:48:25.966822
128,vodafone,لا يوجد إشارة في الطابق السفلي في Luxor,network,0.081,2025-10-04,Luxor,14,4,synthetic,2025-11-03 13:48:25.966830
129,we,رصيدي انتهى فجأة,balance,0.056,2025-10-06,Sohag,7,4,synthetic,2025-11-03 13:48:25.966836
130,orange,الفاتورة غير صحيحة هذا الشهر,billing,0.142,2025-10-14,Qena,0,5,synthetic,2025-11-03 13:48:25.966843
131,vodafone,سرعة النت سيئة اليوم في Faiyum,internet,-0.19,2025-09-04,Faiyum,4,1,synthetic,2025-11-03 13:48:25.966849
132,orange,"Slow internet in Unknown, can't even browse",internet,-0.299,2025-09-08,Unknown,2,1,synthetic,2025-11-03 13:48:25.966854
133,etisalat,"Slow internet in Unknown, can't even browse",internet,-0.752,2025-09-22,Unknown,15,4,synthetic,2025-11-03 13:48:25.966860
134,orange,No network coverage in Gharbia area,network,0.187,2025-10-10,Gharbia,8,5,synthetic,2025-11-03 13:48:25.966866
135,vodafone,لا يوجد إشارة في الطابق السفلي في Unknown,network,-0.256,2025-10-16,Unknown,9,5,synthetic,2025-11-03 13:48:25.966871
136,vodafone,خدمة العملاء سيئة جداً,customer_service,-0.124,2025-11-03,Unknown,14,2,synthetic,2025-11-03 13:48:25.966877
137,vodafone,الفاتورة غير صحيحة هذا الشهر,billing,-0.741,2025-10-22,Monufia,12,1,synthetic,2025-11-03 13:48:25.966883
138,vodafone,Customer service not answering,customer_service,0.188,2025-11-02,Alexandria,7,2,synthetic,2025-11-03 13:48:25.966889
139,we,المكالمات تنقطع فجأة,calls,-0.487,2025-11-01,Faiyum,3,4,synthetic,2025-11-03 13:48:25.966896
140,orange,Network keeps dropping in Sohag,network,0.062,2025-10-20,Sohag,15,5,synthetic,2025-11-03 13:48:25.966902
141,we,Network keeps dropping in Sohag,network,-0.248,2025-09-13,Sohag,1,4,synthetic,2025-11-03 13:48:25.966908
142,vodafone,Waiting 30 minutes for customer service,customer_service,-0.211,2025-09-04,Luxor,12,0,synthetic,2025-11-03 13:48:25.966913
143,orange,Network keeps dropping in Qalyubia,network,-0.083,2025-10-08,Qalyubia,2,4,synthetic,2025-11-03 13:48:25.966919
144,vodafone,الفاتورة غير صحيحة هذا الشهر,billing,-0.455,2025-09-07,Sohag,7,1,synthetic,2025-11-03 13:48:25.966925
145,we,خصم مبلغ غير صحيح من رصيدي,billing,-0.063,2025-10-19,Gharbia,5,3,synthetic,2025-11-03 13:48:25.966930
146,etisalat,Incorrect charges on my bill,billing,0.181,2025-10-21,Unknown,8,5,synthetic,2025-11-03 13:48:25.966935
147,orange,الفاتورة غير صحيحة هذا الشهر,billing,-0.761,2025-10-26,Beheira,5,1,synthetic,2025-11-03 13:48:25.966946
148,orange,خصم مبلغ غير صحيح من رصيدي,billing,0.014,2025-10-12,Luxor,9,2,synthetic,2025-11-03 13:48:25.966952
149,vodafone,المكالمات تنقطع فجأة,calls,-0.324,2025-09-26,Unknown,13,3,synthetic,2025-11-03 13:48:25.966959
150,orange,My balance finishes too fast,balance,-0.221,2025-09-11,Beheira,14,1,synthetic,2025-11-03 13:48:25.966965
151,vodafone,جودة المكالمات سيئة,calls,-0.428,2025-09-24,Unknown,3,0,synthetic,2025-11-03 13:48:25.966970
152,orange,Customer service not answering,customer_service,-0.027,2025-10-11,Dakahlia,11,0,synthetic,2025-11-03 13:48:25.966976
153,vodafone,خدمة العملاء لا ترد على الاتصالات,customer_service,0.123,2025-09-21,Sohag,8,3,synthetic,2025-11-03 13:48:25.966981
154,orange,الفاتورة غير صحيحة هذا الشهر,billing,0.001,2025-10-06,Alexandria,11,2,synthetic,2025-11-03 13:48:25.966987
155,orange,خدمة العملاء لا ترد على الاتصالات,customer_service,-0.502,2025-09-11,Alexandria,9,3,synthetic,2025-11-03 13:48:25.966992
156,vodafone,جودة المكالمات سيئة,calls,-0.248,2025-11-02,Monufia,13,3,synthetic,2025-11-03 13:48:25.966997
157,orange,Calls dropping frequently,calls,-0.374,2025-10-14,Asyut,11,2,synthetic,2025-11-03 13:48:25.967003
158,orange,مشكلة في النت في منطقة Ismailia,internet,-0.671,2025-10-16,Ismailia,12,3,synthetic,2025-11-03 13:48:25.967009
159,vodafone,مشكلة في إجراء المكالمات,calls,-0.05,2025-09-23,Unknown,0,5,synthetic,2025-11-03 13:48:25.967016
160,we,Calls dropping frequently,calls,-0.164,2025-09-11,Unknown,12,3,synthetic,2025-11-03 13:48:25.967022
161,orange,خدمة العملاء سيئة جداً,customer_service,0.028,2025-09-16,Unknown,15,5,synthetic,2025-11-03 13:48:25.967027
162,orange,"Slow internet in Qena, can't even browse",internet,-0.132,2025-09-09,Qena,14,0,synthetic,2025-11-03 13:48:25.967033
163,orange,Incorrect charges on my bill,billing,-0.793,2025-09-26,Qalyubia,9,1,synthetic,2025-11-03 13:48:25.967038
164,etisalat,Waiting 30 minutes for customer service,customer_service,-0.248,2025-10-30,Unknown,13,0,synthetic,2025-11-03 13:48:25.967043
165,we,No network coverage in Alexandria area,network,-0.341,2025-10-22,Alexandria,15,4,synthetic,2025-11-03 13:48:25.967049
166,vodafone,Balance deduction is too quick,balance,-0.177,2025-10-20,Unknown,12,2,synthetic,2025-11-03 13:48:25.967054
167,orange,Customer service not answering,customer_service,-0.28,2025-09-09,Unknown,4,0,synthetic,2025-11-03 13:48:25.967059
168,orange,Incorrect charges on my bill,billing,0.139,2025-10-17,Unknown,2,0,synthetic,2025-11-03 13:48:25.967065
169,orange,لا يوجد إشارة في الطابق السفلي في Asyut,network,-0.147,2025-09-22,Asyut,15,1,synthetic,2025-11-03 13:48:25.967072
170,we,Waiting 30 minutes for customer service,customer_service,-0.487,2025-09-08,Unknown,11,4,synthetic,2025-11-03 13:48:25.967077
171,orange,Calls dropping frequently,calls,0.074,2025-10-17,Unknown,11,2,synthetic,2025-11-03 13:48:25.967083
172,etisalat,Calls dropping frequently,calls,0.01,2025-10-30,Beni Suef,7,0,synthetic,2025-11-03 13:48:25.967088
173,vodafone,خدمة العملاء سيئة جداً,customer_service,-0.549,2025-10-13,Suez,7,5,synthetic,2025-11-03 13:48:25.967094
174,etisalat,Balance deduction is too quick,balance,-0.766,2025-10-18,Asyut,15,5,synthetic,2025-11-03 13:48:25.967099
175,orange,لا يوجد رد من خدمة العملاء,customer_service,-0.501,2025-09-21,Sohag,3,5,synthetic,2025-11-03 13:48:25.967106
176,vodafone,لا يوجد رد من خدمة العملاء,customer_service,-0.627,2025-10-08,Unknown,10,3,synthetic,2025-11-03 13:48:25.967111
177,we,لا يوجد رد من خدمة العملاء,customer_service,0.028,2025-09-26,Cairo,14,4,synthetic,2025-11-03 13:48:25.967116
178,vodafone,"Slow internet in Unknown, can't even browse",internet,0.062,2025-10-26,Unknown,10,4,synthetic,2025-11-03 13:48:25.967122
179,vodafone,خدمة العملاء لا ترد على الاتصالات,customer_service,-0.747,2025-09-15,Unknown,8,1,synthetic,2025-11-03 13:48:25.967128
180,etisalat,مشكلة في النت في منطقة Alexandria,internet,-0.699,2025-10-16,Alexandria,11,0,synthetic,2025-11-03 13:48:25.967134
181,orange,الفاتورة غير صحيحة هذا الشهر,billing,-0.799,2025-10-27,Minya,6,5,synthetic,2025-11-03 13:48:25.967140
182,etisalat,Customer service not answering,customer_service,-0.108,2025-10-06,Aswan,13,3,synthetic,2025-11-03 13:48:25.967145
183,vodafone,Balance deduction is too quick,balance,-0.433,2025-09-23,Sharqia,3,2,synthetic,2025-11-03 13:48:25.967151
184,vodafone,خدمة العملاء لا ترد على الاتصالات,customer_service,-0.221,2025-10-04,Unknown,12,1,synthetic,2025-11-03 13:48:25.967156
185,orange,لا يوجد إشارة في الطابق السفلي في Asyut,network,-0.247,2025-09-26,Asyut,5,4,synthetic,2025-11-03 13:48:25.967163
186,etisalat,Calls dropping frequently,calls,-0.663,2025-10-05,Sharqia,3,5,synthetic,2025-11-03 13:48:25.967169
187,orange,الإشارة ضعيفة في Beni Suef,network,0.042,2025-11-03,Beni Suef,7,3,synthetic,2025-11-03 13:48:25.967175
188,orange,My balance finishes too fast,balance,0.022,2025-10-12,Unknown,13,2,synthetic,2025-11-03 13:48:25.967180
189,orange,خدمة العملاء لا ترد على الاتصالات,customer_service,-0.073,2025-10-08,Unknown,5,0,synthetic,2025-11-03 13:48:25.967187
190,orange,Incorrect charges on my bill,billing,-0.487,2025-09-11,Unknown,11,0,synthetic,2025-11-03 13:48:25.967192
191,etisalat,Internet keeps disconnecting in Gharbia,internet,-0.339,2025-09-27,Gharbia,9,0,synthetic,2025-11-03 13:48:25.967198
192,orange,My balance finishes too fast,balance,-0.737,2025-09-29,Unknown,4,0,synthetic,2025-11-03 13:48:25.967210
193,orange,Waiting 30 minutes for customer service,customer_service,-0.762,2025-09-16,Monufia,2,3,synthetic,2025-11-03 13:48:25.967216
194,vodafone,Network keeps dropping in Unknown,network,-0.602,2025-10-23,Unknown,8,1,synthetic,2025-11-03 13:48:25.967227
195,orange,الرصيد ينتهي بسرعة كبيرة,balance,-0.761,2025-09-19,Cairo,0,3,synthetic,2025-11-03 13:48:25.967233
196,vodafone,Internet keeps disconnecting in Qalyubia,internet,-0.634,2025-09-07,Qalyubia,10,5,synthetic,2025-11-03 13:48:25.967239
197,vodafone,مشكلة في الشبكة في Qalyubia,network,-0.036,2025-10-31,Qalyubia,4,0,synthetic,2025-11-03 13:48:25.967245
198,vodafone,Calls dropping frequently,calls,-0.576,2025-10-10,Cairo,13,5,synthetic,2025-11-03 13:48:25.967250
199,orange,My balance finishes too fast,balance,-0.396,2025-10-13,Unknown,4,5,synthetic,2025-11-03 13:48:25.967256
200,vodafone,"Slow internet in Qena, can't even browse",internet,-0.263,2025-09-09,Qena,4,2,synthetic,2025-11-03 13:48:25.967262
201,orange,الإنترنت بطيء جداً في Unknown منذ ٣ أيام,internet,0.025,2025-10-05,Unknown,4,4,synthetic,2025-11-03 13:48:25.967268
202,etisalat,لا يوجد رد من خدمة العملاء,customer_service,-0.346,2025-09-08,Alexandria,1,4,synthetic,2025-11-03 13:48:25.967276
203,vodafone,"Slow internet in Beheira, can't even browse",internet,-0.056,2025-11-03,Beheira,12,2,synthetic,2025-11-03 13:48:25.967282
204,orange,Balance deduction is too quick,balance,-0.527,2025-09-16,Qena,1,3,synthetic,2025-11-03 13:48:25.967288
205,vodafone,خدمة العملاء لا ترد على الاتصالات,customer_service,-0.713,2025-09-16,Ismailia,15,4,synthetic,2025-11-03 13:48:25.967294
206,etisalat,رصيدي انتهى فجأة,balance,-0.61,2025-10-02,Sharqia,8,4,synthetic,2025-11-03 13:48:25.967299
207,vodafone,Balance deduction is too quick,balance,-0.016,2025-10-28,Luxor,12,4,synthetic,2025-11-03 13:48:25.967305
208,vodafone,خصم مبلغ غير صحيح من رصيدي,billing,-0.067,2025-10-04,Unknown,8,0,synthetic,2025-11-03 13:48:25.967310
209,vodafone,خدمة العملاء لا ترد على الاتصالات,customer_service,-0.331,2025-09-09,Faiyum,10,3,synthetic,2025-11-03 13:48:25.967316
210,orange,مشكلة في الشبكة في Asyut,network,-0.022,2025-10-28,Asyut,8,1,synthetic,2025-11-03 13:48:25.967322
211,we,Calls dropping frequently,calls,-0.123,2025-09-15,Cairo,1,4,synthetic,2025-11-03 13:48:25.967327
212,orange,خدمة العملاء لا ترد على الاتصالات,customer_service,0.089,2025-10-03,Luxor,14,3,synthetic,2025-11-03 13:48:25.967333
213,we,مشكلة في الشبكة في Luxor,network,-0.729,2025-09-21,Luxor,7,5,synthetic,2025-11-03 13:48:25.967340
214,orange,Balance deduction is too quick,balance,-0.604,2025-11-01,Unknown,6,1,synthetic,2025-11-03 13:48:25.967346
215,orange,فاتورتي أعلى من المعتاد بدون سبب,billing,-0.649,2025-09-18,Sharqia,7,1,synthetic,2025-11-03 13:48:25.967351
216,vodafone,My balance finishes too fast,balance,-0.314,2025-10-04,Unknown,9,1,synthetic,2025-11-03 13:48:25.967356
217,orange,فاتورتي أعلى من المعتاد بدون سبب,billing,-0.058,2025-10-03,Asyut,4,2,synthetic,2025-11-03 13:48:25.967362
218,etisalat,الفاتورة غير صحيحة هذا الشهر,billing,-0.62,2025-10-30,Minya,11,1,synthetic,2025-11-03 13:48:25.967368
219,orange,Bill amount is wrong this month,billing,-0.57,2025-10-30,Unknown,5,3,synthetic,2025-11-03 13:48:25.967373
220,etisalat,لا يوجد رد من خدمة العملاء,customer_service,0.052,2025-10-04,Qena,4,1,synthetic,2025-11-03 13:48:25.967379
221,orange,مشكلة في النت في منطقة Beni Suef,internet,-0.7,2025-10-16,Beni Suef,8,2,synthetic,2025-11-03 13:48:25.967385
222,we,"Slow internet in Unknown, can't even browse",internet,0.083,2025-10-20,Unknown,5,2,synthetic,2025-11-03 13:48:25.967390
223,orange,لا يوجد إشارة في الطابق السفلي في Unknown,network,-0.49,2025-09-08,Unknown,14,3,synthetic,2025-11-03 13:48:25.967396
224,vodafone,الإنترنت بطيء جداً في Suez منذ ٣ أيام,internet,0.195,2025-10-08,Suez,7,4,synthetic,2025-11-03 13:48:25.967402
225,vodafone,خدمة العملاء سيئة جداً,customer_service,0.077,2025-10-17,Sharqia,0,3,synthetic,2025-11-03 13:48:25.967407
226,vodafone,Internet keeps disconnecting in Port Said,internet,-0.767,2025-09-07,Port Said,10,4,synthetic,2025-11-03 13:48:25.967413
227,orange,مشكلة في شحن الرصيد,balance,-0.747,2025-09-13,Cairo,1,0,synthetic,2025-11-03 13:48:25.967418
228,orange,لا يوجد إشارة في الطابق السفلي في Suez,network,-0.028,2025-09-18,Suez,7,2,synthetic,2025-11-03 13:48:25.967424
229,vodafone,فاتورتي أعلى من المعتاد بدون سبب,billing,-0.528,2025-10-03,Suez,3,2,synthetic,2025-11-03 13:48:25.967430
230,orange,Balance deduction is too quick,balance,-0.728,2025-10-30,Monufia,12,3,synthetic,2025-11-03 13:48:25.967435
231,orange,لا يوجد رد من خدمة العملاء,customer_service,-0.057,2025-09-21,Gharbia,8,4,synthetic,2025-11-03 13:48:25.967441
232,vodafone,الإشارة ضعيفة في Port Said,network,-0.71,2025-10-07,Port Said,8,5,synthetic,2025-11-03 13:48:25.967447
233,orange,مشكلة في الشبكة في Qena,network,-0.368,2025-09-12,Qena,12,5,synthetic,2025-11-03 13:48:25.967453
234,orange,Customer service not answering,customer_service,-0.609,2025-10-12,Sohag,13,2,synthetic,2025-11-03 13:48:25.967459
235,orange,الرصيد ينتهي بسرعة كبيرة,balance,-0.479,2025-10-16,Port Said,12,1,synthetic,2025-11-03 13:48:25.967465
236,vodafone,خدمة العملاء لا ترد على الاتصالات,customer_service,-0.457,2025-10-21,Unknown,15,0,synthetic,2025-11-03 13:48:25.967470
237,orange,الفاتورة غير صحيحة هذا الشهر,billing,-0.211,2025-10-08,Unknown,14,0,synthetic,2025-11-03 13:48:25.967475
238,orange,الإشارة ضعيفة في Beni Suef,network,-0.556,2025-09-08,Beni Suef,13,2,synthetic,2025-11-03 13:48:25.967481
239,orange,خدمة العملاء سيئة جداً,customer_service,-0.738,2025-10-23,Qena,0,4,synthetic,2025-11-03 13:48:25.967487
240,orange,No network coverage in Aswan area,network,-0.325,2025-10-18,Aswan,13,0,synthetic,2025-11-03 13:48:25.967492
241,we,مشكلة في النت في منطقة Dakahlia,internet,-0.193,2025-09-22,Dakahlia,1,5,synthetic,2025-11-03 13:48:25.967504
242,orange,الإشارة ضعيفة في Cairo,network,-0.601,2025-10-20,Cairo,10,0,synthetic,2025-11-03 13:48:25.967510
243,etisalat,"Can't make calls, network busy",calls,-0.503,2025-10-07,Unknown,6,5,synthetic,2025-11-03 13:48:25.967515
244,etisalat,Internet keeps disconnecting in Port Said,internet,-0.366,2025-10-16,Port Said,0,2,synthetic,2025-11-03 13:48:25.967521
245,orange,سرعة النت سيئة اليوم في Gharbia,internet,-0.669,2025-09-17,Gharbia,12,4,synthetic,2025-11-03 13:48:25.967527
246,orange,No network coverage in Unknown area,network,-0.155,2025-10-31,Unknown,2,4,synthetic,2025-11-03 13:48:25.967533
247,orange,No network coverage in Alexandria area,network,-0.3,2025-10-08,Alexandria,12,5,synthetic,2025-11-03 13:48:25.967538
248,orange,"Slow internet in Faiyum, can't even browse",internet,-0.786,2025-09-17,Faiyum,8,2,synthetic,2025-11-03 13:48:25.967545
249,orange,الإنترنت بطيء جداً في Unknown منذ ٣ أيام,internet,-0.447,2025-10-05,Unknown,14,5,synthetic,2025-11-03 13:48:25.967551
250,orange,Balance deduction is too quick,balance,-0.548,2025-09-30,Sharqia,3,3,synthetic,2025-11-03 13:48:25.967556
251,etisalat,"Can't make calls, network busy",calls,-0.176,2025-09-16,Giza,2,4,synthetic,2025-11-03 13:48:25.967561
252,vodafone,الرصيد ينتهي بسرعة كبيرة,balance,-0.278,2025-10-31,Cairo,10,2,synthetic,2025-11-03 13:48:25.967567
253,orange,Balance deduction is too quick,balance,0.051,2025-10-27,Qena,14,1,synthetic,2025-11-03 13:48:25.967572
254,etisalat,مشكلة في شحن الرصيد,balance,-0.266,2025-10-06,Luxor,15,2,synthetic,2025-11-03 13:48:25.967578
255,orange,خدمة العملاء سيئة جداً,customer_service,-0.537,2025-11-02,Beheira,9,4,synthetic,2025-11-03 13:48:25.967583
256,orange,My balance finishes too fast,balance,-0.741,2025-09-28,Beheira,4,2,synthetic,2025-11-03 13:48:25.967589
257,etisalat,خصم مبلغ غير صحيح من رصيدي,billing,-0.118,2025-10-31,Dakahlia,2,4,synthetic,2025-11-03 13:48:25.967595
258,orange,المكالمات تنقطع فجأة,calls,-0.086,2025-09-26,Cairo,1,0,synthetic,2025-11-03 13:48:25.967600
259,orange,Incorrect charges on my bill,billing,-0.472,2025-10-22,Unknown,15,4,synthetic,2025-11-03 13:48:25.967606
260,we,Customer service not answering,customer_service,0.104,2025-09-19,Qena,3,4,synthetic,2025-11-03 13:48:25.967612
261,vodafone,خدمة العملاء سيئة جداً,customer_service,-0.75,2025-09-06,Faiyum,2,0,synthetic,2025-11-03 13:48:25.967618
262,vodafone,Internet keeps disconnecting in Monufia,internet,-0.472,2025-10-08,Monufia,8,1,synthetic,2025-11-03 13:48:25.967624
263,vodafone,سرعة النت سيئة اليوم في Sohag,internet,-0.226,2025-10-06,Sohag,15,2,synthetic,2025-11-03 13:48:25.967630
264,orange,مشكلة في إجراء المكالمات,calls,-0.165,2025-10-09,Dakahlia,5,3,synthetic,2025-11-03 13:48:25.967635
265,etisalat,جودة المكالمات سيئة,calls,-0.465,2025-10-10,Alexandria,15,0,synthetic,2025-11-03 13:48:25.967641
266,orange,الرصيد ينتهي بسرعة كبيرة,balance,-0.428,2025-10-10,Alexandria,10,0,synthetic,2025-11-03 13:48:25.967646
267,etisalat,Calls dropping frequently,calls,-0.163,2025-09-28,Faiyum,5,3,synthetic,2025-11-03 13:48:25.967652
268,vodafone,No network coverage in Sohag area,network,-0.325,2025-09-16,Sohag,6,5,synthetic,2025-11-03 13:48:25.967657
269,etisalat,جودة المكالمات سيئة,calls,-0.309,2025-09-25,Ismailia,3,2,synthetic,2025-11-03 13:48:25.967663
270,vodafone,No network coverage in Aswan area,network,-0.283,2025-09-23,Aswan,10,0,synthetic,2025-11-03 13:48:25.967670
271,orange,"Can't make calls, network busy",calls,-0.37,2025-10-15,Minya,7,3,synthetic,2025-11-03 13:48:25.967675
272,vodafone,Network keeps dropping in Port Said,network,-0.452,2025-09-14,Port Said,6,0,synthetic,2025-11-03 13:48:25.967681
273,orange,مشكلة في إجراء المكالمات,calls,-0.088,2025-10-15,Beheira,8,5,synthetic,2025-11-03 13:48:25.967687
274,orange,جودة المكالمات سيئة,calls,0.127,2025-10-13,Aswan,3,1,synthetic,2025-11-03 13:48:25.967692
275,orange,الإنترنت بطيء جداً في Sharqia منذ ٣ أيام,internet,-0.217,2025-09-12,Sharqia,15,3,synthetic,2025-11-03 13:48:25.967698
276,vodafone,My balance finishes too fast,balance,-0.226,2025-09-17,Unknown,4,2,synthetic,2025-11-03 13:48:25.967704
277,vodafone,مشكلة في الشبكة في Port Said,network,-0.697,2025-10-02,Port Said,13,0,synthetic,2025-11-03 13:48:25.967710
278,orange,Internet keeps disconnecting in Unknown,internet,-0.346,2025-09-27,Unknown,12,3,synthetic,2025-11-03 13:48:25.967715
279,orange,خصم مبلغ غير صحيح من رصيدي,billing,-0.482,2025-10-20,Minya,2,3,synthetic,2025-11-03 13:48:25.967723
280,we,Balance deduction is too quick,balance,-0.009,2025-09-24,Unknown,10,0,synthetic,2025-11-03 13:48:25.967729
281,vodafone,"Can't make calls, network busy",calls,-0.113,2025-09-06,Suez,2,2,synthetic,2025-11-03 13:48:25.967734
282,vodafone,مشكلة في شحن الرصيد,balance,-0.619,2025-10-05,Unknown,10,4,synthetic,2025-11-03 13:48:25.967739
283,orange,Bill amount is wrong this month,billing,-0.246,2025-10-16,Unknown,0,0,synthetic,2025-11-03 13:48:25.967744
284,etisalat,مشكلة في الشبكة في Qalyubia,network,-0.769,2025-10-05,Qalyubia,9,3,synthetic,2025-11-03 13:48:25.967750
285,orange,الفاتورة غير صحيحة هذا الشهر,billing,-0.685,2025-09-25,Qena,12,1,synthetic,2025-11-03 13:48:25.967756
286,vodafone,Network keeps dropping in Sohag,network,0.066,2025-10-20,Sohag,10,0,synthetic,2025-11-03 13:48:25.967762
287,vodafone,لا يوجد رد من خدمة العملاء,customer_service,-0.163,2025-09-15,Unknown,11,1,synthetic,2025-11-03 13:48:25.967787
288,orange,مشكلة في شحن الرصيد,balance,-0.332,2025-09-27,Minya,13,3,synthetic,2025-11-03 13:48:25.967793
289,vodafone,لا يوجد إشارة في الطابق السفلي في Dakahlia,network,-0.654,2025-09-05,Dakahlia,10,4,synthetic,2025-11-03 13:48:25.967801
290,vodafone,مشكلة في إجراء المكالمات,calls,-0.667,2025-09-06,Ismailia,9,4,synthetic,2025-11-03 13:48:25.967807
291,etisalat,No network coverage in Unknown area,network,-0.557,2025-09-23,Unknown,0,1,synthetic,2025-11-03 13:48:25.967813
292,vodafone,رصيدي انتهى فجأة,balance,-0.362,2025-09-21,Faiyum,1,1,synthetic,2025-11-03 13:48:25.967818
293,orange,الإشارة ضعيفة في Monufia,network,-0.672,2025-10-26,Monufia,9,2,synthetic,2025-11-03 13:48:25.967824
294,etisalat,مشكلة في النت في منطقة Minya,internet,-0.601,2025-09-25,Minya,6,0,synthetic,2025-11-03 13:48:25.967830
295,orange,Incorrect charges on my bill,billing,0.122,2025-10-11,Cairo,9,4,synthetic,2025-11-03 13:48:25.967836
296,orange,مشكلة في شحن الرصيد,balance,-0.698,2025-10-02,Ismailia,3,5,synthetic,2025-11-03 13:48:25.967842
297,vodafone,خصم مبلغ غير صحيح من رصيدي,billing,0.096,2025-09-20,Monufia,15,4,synthetic,2025-11-03 13:48:25.967847
298,vodafone,Balance deduction is too quick,balance,0.185,2025-09-15,Unknown,14,4,synthetic,2025-11-03 13:48:25.967853
299,vodafone,جودة المكالمات سيئة,calls,-0.221,2025-10-17,Unknown,14,3,synthetic,2025-11-03 13:48:25.967859
300,orange,مشكلة في شحن الرصيد,balance,0.05,2025-10-12,Unknown,11,3,synthetic,2025-11-03 13:48:25.967865
301,orange,فاتورتي أعلى من المعتاد بدون سبب,billing,-0.727,2025-09-15,Beheira,6,4,synthetic,2025-11-03 13:48:25.967870
302,orange,Calls dropping frequently,calls,-0.332,2025-10-02,Luxor,7,0,synthetic,2025-11-03 13:48:25.967876
303,we,Network keeps dropping in Unknown,network,-0.14,2025-09-29,Unknown,3,4,synthetic,2025-11-03 13:48:25.967881
304,orange,مشكلة في النت في منطقة Qalyubia,internet,-0.578,2025-10-05,Qalyubia,10,3,synthetic,2025-11-03 13:48:25.967888
305,vodafone,Calls dropping frequently,calls,-0.537,2025-10-11,Luxor,13,5,synthetic,2025-11-03 13:48:25.967894
306,etisalat,"Slow internet in Alexandria, can't even browse",internet,-0.799,2025-10-25,Alexandria,9,1,synthetic,2025-11-03 13:48:25.967900
307,orange,مشكلة في إجراء المكالمات,calls,-0.476,2025-09-22,Port Said,13,3,synthetic,2025-11-03 13:48:25.967906
308,orange,خدمة العملاء سيئة جداً,customer_service,-0.767,2025-09-06,Sharqia,2,0,synthetic,2025-11-03 13:48:25.967911
309,orange,Waiting 30 minutes for customer service,customer_service,-0.444,2025-09-24,Unknown,6,5,synthetic,2025-11-03 13:48:25.967918
310,vodafone,رصيدي انتهى فجأة,balance,0.065,2025-11-03,Beni Suef,0,5,synthetic,2025-11-03 13:48:25.967925
311,orange,المكالمات تنقطع فجأة,calls,-0.262,2025-11-02,Aswan,11,3,synthetic,2025-11-03 13:48:25.967930
312,we,خدمة العملاء لا ترد على الاتصالات,customer_service,-0.321,2025-09-15,Unknown,14,5,synthetic,2025-11-03 13:48:25.967936
313,vodafone,الرصيد ينتهي بسرعة كبيرة,balance,-0.214,2025-10-01,Sharqia,9,2,synthetic,2025-11-03 13:48:25.967941
314,orange,مشكلة في شحن الرصيد,balance,-0.017,2025-10-17,Faiyum,1,2,synthetic,2025-11-03 13:48:25.967947
315,etisalat,المكالمات تنقطع فجأة,calls,-0.225,2025-09-08,Gharbia,2,5,synthetic,2025-11-03 13:48:25.967953
316,orange,رصيدي انتهى فجأة,balance,-0.599,2025-10-27,Unknown,5,0,synthetic,2025-11-03 13:48:25.967958
317,vodafone,مشكلة في شحن الرصيد,balance,-0.166,2025-09-27,Unknown,15,4,synthetic,2025-11-03 13:48:25.967963
318,vodafone,Calls dropping frequently,calls,-0.729,2025-11-01,Unknown,11,5,synthetic,2025-11-03 13:48:25.967969
319,vodafone,الفاتورة غير صحيحة هذا الشهر,billing,-0.311,2025-10-05,Unknown,4,0,synthetic,2025-11-03 13:48:25.967976
320,vodafone,Balance deduction is too quick,balance,-0.733,2025-09-23,Alexandria,15,1,synthetic,2025-11-03 13:48:25.967981
321,orange,خصم مبلغ غير صحيح من رصيدي,billing,-0.701,2025-09-13,Unknown,5,2,synthetic,2025-11-03 13:48:25.967987
322,vodafone,خدمة العملاء لا ترد على الاتصالات,customer_service,-0.229,2025-09-07,Asyut,9,0,synthetic,2025-11-03 13:48:25.967992
323,vodafone,Balance deduction is too quick,balance,-0.422,2025-10-13,Aswan,11,0,synthetic,2025-11-03 13:48:25.967998
324,vodafone,مشكلة في شحن الرصيد,balance,-0.438,2025-09-22,Alexandria,11,5,synthetic,2025-11-03 13:48:25.968004
325,vodafone,سرعة النت سيئة اليوم في Unknown,internet,-0.478,2025-10-01,Unknown,10,3,synthetic,2025-11-03 13:48:25.968010
326,vodafone,Incorrect charges on my bill,billing,-0.424,2025-10-10,Aswan,1,2,synthetic,2025-11-03 13:48:25.968015
327,etisalat,جودة المكالمات سيئة,calls,0.16,2025-09-06,Minya,8,4,synthetic,2025-11-03 13:48:25.968021
328,we,مشكلة في الشبكة في Beheira,network,-0.276,2025-10-16,Beheira,14,4,synthetic,2025-11-03 13:48:25.968027
329,orange,Network keeps dropping in Unknown,network,-0.247,2025-10-24,Unknown,7,5,synthetic,2025-11-03 13:48:25.968034
330,vodafone,Internet keeps disconnecting in Unknown,internet,-0.35,2025-11-01,Unknown,4,3,synthetic,2025-11-03 13:48:25.968040
331,orange,Customer service not answering,customer_service,0.035,2025-10-16,Cairo,13,5,synthetic,2025-11-03 13:48:25.968045
332,orange,خصم مبلغ غير صحيح من رصيدي,billing,-0.758,2025-10-22,Monufia,2,5,synthetic,2025-11-03 13:48:25.968051
333,vodafone,"Slow internet in Unknown, can't even browse",internet,-0.096,2025-09-18,Unknown,7,3,synthetic,2025-11-03 13:48:25.968056
334,vodafone,سرعة النت سيئة اليوم في Unknown,internet,0.084,2025-10-29,Unknown,14,1,synthetic,2025-11-03 13:48:25.968062
335,etisalat,My balance finishes too fast,balance,-0.612,2025-10-14,Port Said,4,3,synthetic,2025-11-03 13:48:25.968073
336,vodafone,مشكلة في إجراء المكالمات,calls,-0.54,2025-10-20,Ismailia,12,1,synthetic,2025-11-03 13:48:25.968079
337,vodafone,لا يوجد رد من خدمة العملاء,customer_service,-0.167,2025-10-01,Monufia,13,3,synthetic,2025-11-03 13:48:25.968085
338,orange,لا يوجد إشارة في الطابق السفلي في Suez,network,0.137,2025-10-10,Suez,13,2,synthetic,2025-11-03 13:48:25.968091
339,vodafone,مشكلة في شحن الرصيد,balance,-0.35,2025-09-06,Unknown,5,3,synthetic,2025-11-03 13:48:25.968098
340,orange,مشكلة في النت في منطقة Unknown,internet,0.041,2025-10-21,Unknown,5,2,synthetic,2025-11-03 13:48:25.968104
341,vodafone,خصم مبلغ غير صحيح من رصيدي,billing,0.068,2025-10-07,Giza,3,4,synthetic,2025-11-03 13:48:25.968110
342,vodafone,Network keeps dropping in Unknown,network,0.137,2025-09-18,Unknown,4,1,synthetic,2025-11-03 13:48:25.968115
343,vodafone,مشكلة في الشبكة في Unknown,network,-0.593,2025-09-08,Unknown,1,4,synthetic,2025-11-03 13:48:25.968121
344,we,رصيدي انتهى فجأة,balance,-0.727,2025-10-15,Suez,11,1,synthetic,2025-11-03 13:48:25.968126
345,etisalat,Balance deduction is too quick,balance,-0.231,2025-09-10,Aswan,0,3,synthetic,2025-11-03 13:48:25.968132
346,orange,لا يوجد إشارة في الطابق السفلي في Port Said,network,-0.152,2025-10-08,Port Said,10,1,synthetic,2025-11-03 13:48:25.968138
347,vodafone,"Slow internet in Sharqia, can't even browse",internet,-0.488,2025-10-04,Sharqia,9,0,synthetic,2025-11-03 13:48:25.968144
348,vodafone,فاتورتي أعلى من المعتاد بدون سبب,billing,-0.053,2025-09-23,Minya,10,4,synthetic,2025-11-03 13:48:25.968149
349,vodafone,Incorrect charges on my bill,billing,-0.489,2025-10-13,Beheira,11,4,synthetic,2025-11-03 13:48:25.968157
350,vodafone,مشكلة في إجراء المكالمات,calls,0.079,2025-10-04,Unknown,11,2,synthetic,2025-11-03 13:48:25.968163
351,orange,رصيدي انتهى فجأة,balance,-0.551,2025-09-12,Port Said,5,4,synthetic,2025-11-03 13:48:25.968168
352,etisalat,المكالمات تنقطع فجأة,calls,-0.699,2025-10-10,Qalyubia,6,3,synthetic,2025-11-03 13:48:25.968174
353,vodafone,مشكلة في إجراء المكالمات,calls,0.034,2025-09-21,Sharqia,10,0,synthetic,2025-11-03 13:48:25.968179
354,vodafone,لا يوجد إشارة في الطابق السفلي في Sohag,network,-0.566,2025-09-18,Sohag,8,0,synthetic,2025-11-03 13:48:25.968187
355,etisalat,Balance deduction is too quick,balance,0.106,2025-09-30,Unknown,8,1,synthetic,2025-11-03 13:48:25.968192
356,vodafone,Calls dropping frequently,calls,0.064,2025-10-25,Qalyubia,7,0,synthetic,2025-11-03 13:48:25.968198
357,etisalat,رصيدي انتهى فجأة,balance,-0.61,2025-10-19,Dakahlia,1,2,synthetic,2025-11-03 13:48:25.968203
358,orange,مشكلة في النت في منطقة Aswan,internet,-0.745,2025-10-03,Aswan,13,3,synthetic,2025-11-03 13:48:25.968209
359,orange,خدمة العملاء سيئة جداً,customer_service,-0.695,2025-10-02,Beni Suef,12,2,synthetic,2025-11-03 13:48:25.968217
360,vodafone,Customer service not answering,customer_service,-0.729,2025-10-16,Unknown,6,0,synthetic,2025-11-03 13:48:25.968222
361,etisalat,الرصيد ينتهي بسرعة كبيرة,balance,-0.638,2025-11-03,Unknown,9,1,synthetic,2025-11-03 13:48:25.968227
362,orange,المكالمات تنقطع فجأة,calls,-0.317,2025-11-02,Cairo,5,3,synthetic,2025-11-03 13:48:25.968233
363,orange,مشكلة في النت في منطقة Asyut,internet,0.01,2025-09-16,Asyut,8,0,synthetic,2025-11-03 13:48:25.968240
364,orange,Bill amount is wrong this month,billing,-0.307,2025-09-29,Beni Suef,3,0,synthetic,2025-11-03 13:48:25.968246
365,vodafone,Network keeps dropping in Unknown,network,-0.784,2025-10-25,Unknown,8,3,synthetic,2025-11-03 13:48:25.968252
366,orange,لا يوجد رد من خدمة العملاء,customer_service,0.136,2025-09-08,Aswan,10,1,synthetic,2025-11-03 13:48:25.968258
367,vodafone,Balance deduction is too quick,balance,-0.035,2025-11-01,Unknown,5,5,synthetic,2025-11-03 13:48:25.968263
368,vodafone,المكالمات تنقطع فجأة,calls,-0.132,2025-09-29,Unknown,15,3,synthetic,2025-11-03 13:48:25.968268
369,orange,سرعة النت سيئة اليوم في Unknown,internet,-0.042,2025-09-28,Unknown,12,1,synthetic,2025-11-03 13:48:25.968276
370,etisalat,الفاتورة غير صحيحة هذا الشهر,billing,0.147,2025-09-17,Port Said,10,3,synthetic,2025-11-03 13:48:25.968281
371,orange,الإنترنت بطيء جداً في Dakahlia منذ ٣ أيام,internet,-0.675,2025-10-11,Dakahlia,12,0,synthetic,2025-11-03 13:48:25.968287
372,we,سرعة النت سيئة اليوم في Cairo,internet,0.145,2025-09-22,Cairo,5,3,synthetic,2025-11-03 13:48:25.968293
373,vodafone,No network coverage in Unknown area,network,-0.473,2025-10-07,Unknown,13,5,synthetic,2025-11-03 13:48:25.968301
374,vodafone,Internet keeps disconnecting in Giza,internet,-0.294,2025-10-11,Giza,10,4,synthetic,2025-11-03 13:48:25.968307
375,vodafone,خدمة العملاء لا ترد على الاتصالات,customer_service,-0.768,2025-09-15,Unknown,14,5,synthetic,2025-11-03 13:48:25.968313
376,we,مشكلة في النت في منطقة Alexandria,internet,-0.141,2025-10-24,Alexandria,6,4,synthetic,2025-11-03 13:48:25.968319
377,vodafone,جودة المكالمات سيئة,calls,-0.66,2025-11-03,Monufia,1,1,synthetic,2025-11-03 13:48:25.968325
378,orange,Bill amount is wrong this month,billing,-0.537,2025-09-11,Port Said,11,5,synthetic,2025-11-03 13:48:25.968331
379,orange,الإنترنت بطيء جداً في Ismailia منذ ٣ أيام,internet,-0.466,2025-09-19,Ismailia,2,0,synthetic,2025-11-03 13:48:25.968338
380,vodafone,لا يوجد رد من خدمة العملاء,customer_service,0.058,2025-09-26,Minya,8,4,synthetic,2025-11-03 13:48:25.968344
381,etisalat,الإنترنت بطيء جداً في Beni Suef منذ ٣ أيام,internet,-0.461,2025-10-07,Beni Suef,1,1,synthetic,2025-11-03 13:48:25.968355
382,vodafone,خدمة العملاء لا ترد على الاتصالات,customer_service,-0.567,2025-09-26,Sohag,7,2,synthetic,2025-11-03 13:48:25.968361
383,orange,خصم مبلغ غير صحيح من رصيدي,billing,0.012,2025-09-20,Unknown,15,5,synthetic,2025-11-03 13:48:25.968367
384,we,"Can't make calls, network busy",calls,0.042,2025-09-29,Faiyum,11,2,synthetic,2025-11-03 13:48:25.968373
385,we,الرصيد ينتهي بسرعة كبيرة,balance,-0.371,2025-10-30,Dakahlia,4,5,synthetic,2025-11-03 13:48:25.968378
386,orange,Customer service not answering,customer_service,-0.186,2025-10-29,Unknown,1,5,synthetic,2025-11-03 13:48:25.968384
387,vodafone,Network keeps dropping in Suez,network,-0.759,2025-10-30,Suez,5,4,synthetic,2025-11-03 13:48:25.968390
388,vodafone,خصم مبلغ غير صحيح من رصيدي,billing,-0.431,2025-09-19,Faiyum,8,1,synthetic,2025-11-03 13:48:25.968395
389,orange,خدمة العملاء سيئة جداً,customer_service,0.147,2025-09-18,Port Said,10,3,synthetic,2025-11-03 13:48:25.968407
390,vodafone,Balance deduction is too quick,balance,0.084,2025-10-21,Minya,11,1,synthetic,2025-11-03 13:48:25.968413
391,orange,خدمة العملاء لا ترد على الاتصالات,customer_service,-0.321,2025-10-03,Monufia,12,2,synthetic,2025-11-03 13:48:25.968419
392,orange,مشكلة في إجراء المكالمات,calls,-0.2,2025-10-14,Faiyum,13,4,synthetic,2025-11-03 13:48:25.968425
393,orange,الفاتورة غير صحيحة هذا الشهر,billing,-0.397,2025-10-12,Minya,0,0,synthetic,2025-11-03 13:48:25.968431
394,vodafone,Waiting 30 minutes for customer service,customer_service,-0.595,2025-10-14,Sohag,7,4,synthetic,2025-11-03 13:48:25.968436
395,etisalat,مشكلة في النت في منطقة Faiyum,internet,-0.157,2025-10-19,Faiyum,11,0,synthetic,2025-11-03 13:48:25.968442
396,etisalat,المكالمات تنقطع فجأة,calls,-0.535,2025-09-10,Ismailia,10,2,synthetic,2025-11-03 13:48:25.968448
397,vodafone,Bill amount is wrong this month,billing,-0.051,2025-10-20,Dakahlia,15,4,synthetic,2025-11-03 13:48:25.968454
398,vodafone,مشكلة في إجراء المكالمات,calls,0.032,2025-10-12,Unknown,11,5,synthetic,2025-11-03 13:48:25.968459
399,vodafone,رصيدي انتهى فجأة,balance,-0.399,2025-10-04,Aswan,10,4,synthetic,2025-11-03 13:48:25.968467
400,etisalat,الإنترنت بطيء جداً في Unknown منذ ٣ أيام,internet,-0.18,2025-10-19,Unknown,1,1,synthetic,2025-11-03 13:48:25.968473
401,orange,رصيدي انتهى فجأة,balance,-0.244,2025-09-10,Suez,11,5,synthetic,2025-11-03 13:48:25.968478
402,vodafone,Network keeps dropping in Asyut,network,-0.577,2025-10-14,Asyut,9,3,synthetic,2025-11-03 13:48:25.968485
403,vodafone,الإنترنت بطيء جداً في Dakahlia منذ ٣ أيام,internet,0.151,2025-10-14,Dakahlia,0,3,synthetic,2025-11-03 13:48:25.968492
404,vodafone,Network keeps dropping in Unknown,network,-0.134,2025-09-29,Unknown,4,1,synthetic,2025-11-03 13:48:25.968497
405,orange,Customer service not answering,customer_service,-0.776,2025-10-16,Unknown,15,4,synthetic,2025-11-03 13:48:25.968503
406,etisalat,My balance finishes too fast,balance,-0.638,2025-09-21,Unknown,2,2,synthetic,2025-11-03 13:48:25.968508
407,orange,المكالمات تنقطع فجأة,calls,-0.166,2025-09-25,Giza,0,2,synthetic,2025-11-03 13:48:25.968514
408,vodafone,لا يوجد إشارة في الطابق السفلي في Beni Suef,network,-0.081,2025-09-08,Beni Suef,3,0,synthetic,2025-11-03 13:48:25.968520
409,vodafone,لا يوجد إشارة في الطابق السفلي في Unknown,network,-0.381,2025-09-19,Unknown,14,4,synthetic,2025-11-03 13:48:25.968527
410,orange,Network keeps dropping in Sharqia,network,-0.131,2025-10-05,Sharqia,8,2,synthetic,2025-11-03 13:48:25.968533
411,orange,Calls dropping frequently,calls,-0.006,2025-09-10,Unknown,3,5,synthetic,2025-11-03 13:48:25.968539
412,etisalat,الفاتورة غير صحيحة هذا الشهر,billing,-0.405,2025-10-31,Asyut,2,5,synthetic,2025-11-03 13:48:25.968544
413,etisalat,لا يوجد إشارة في الطابق السفلي في Beheira,network,-0.242,2025-10-30,Beheira,4,3,synthetic,2025-11-03 13:48:25.968550
414,vodafone,خصم مبلغ غير صحيح من رصيدي,billing,-0.557,2025-09-05,Gharbia,14,4,synthetic,2025-11-03 13:48:25.968556
415,orange,الفاتورة غير صحيحة هذا الشهر,billing,-0.021,2025-09-18,Faiyum,10,4,synthetic,2025-11-03 13:48:25.968562
416,orange,Waiting 30 minutes for customer service,customer_service,-0.394,2025-09-05,Giza,8,4,synthetic,2025-11-03 13:48:25.968567
417,orange,Customer service not answering,customer_service,-0.55,2025-09-17,Unknown,9,4,synthetic,2025-11-03 13:48:25.968573
418,orange,My balance finishes too fast,balance,-0.304,2025-10-02,Sohag,3,2,synthetic,2025-11-03 13:48:25.968578
419,orange,Balance deduction is too quick,balance,-0.349,2025-10-25,Port Said,6,4,synthetic,2025-11-03 13:48:25.968585
420,vodafone,Customer service not answering,customer_service,-0.094,2025-09-06,Ismailia,12,3,synthetic,2025-11-03 13:48:25.968591
421,vodafone,سرعة النت سيئة اليوم في Dakahlia,internet,-0.425,2025-10-01,Dakahlia,0,5,synthetic,2025-11-03 13:48:25.968597
422,orange,الإشارة ضعيفة في Unknown,network,0.195,2025-09-21,Unknown,3,3,synthetic,2025-11-03 13:48:25.968603
423,orange,Balance deduction is too quick,balance,0.123,2025-09-30,Qalyubia,7,4,synthetic,2025-11-03 13:48:25.968608
424,orange,Incorrect charges on my bill,billing,-0.323,2025-10-22,Unknown,1,4,synthetic,2025-11-03 13:48:25.968614
425,orange,خصم مبلغ غير صحيح من رصيدي,billing,-0.071,2025-10-13,Unknown,8,5,synthetic,2025-11-03 13:48:25.968619
426,we,Balance deduction is too quick,balance,-0.094,2025-10-19,Unknown,0,4,synthetic,2025-11-03 13:48:25.968624
427,orange,Network keeps dropping in Luxor,network,-0.282,2025-10-03,Luxor,6,5,synthetic,2025-11-03 13:48:25.968630
428,vodafone,خصم مبلغ غير صحيح من رصيدي,billing,-0.7,2025-09-14,Asyut,0,4,synthetic,2025-11-03 13:48:25.968641
429,orange,جودة المكالمات سيئة,calls,-0.645,2025-09-11,Faiyum,4,0,synthetic,2025-11-03 13:48:25.968648
430,vodafone,مشكلة في الشبكة في Qena,network,-0.573,2025-09-25,Qena,4,3,synthetic,2025-11-03 13:48:25.968655
431,vodafone,خدمة العملاء سيئة جداً,customer_service,0.036,2025-10-17,Aswan,7,5,synthetic,2025-11-03 13:48:25.968662
432,vodafone,مشكلة في النت في منطقة Unknown,internet,-0.042,2025-09-13,Unknown,8,5,synthetic,2025-11-03 13:48:25.968668
433,orange,جودة المكالمات سيئة,calls,-0.578,2025-09-29,Unknown,3,5,synthetic,2025-11-03 13:48:25.968673
434,vodafone,Network keeps dropping in Unknown,network,-0.642,2025-10-17,Unknown,5,4,synthetic,2025-11-03 13:48:25.968679
435,we,مشكلة في شحن الرصيد,balance,-0.236,2025-10-22,Beni Suef,11,3,synthetic,2025-11-03 13:48:25.968685
436,vodafone,Calls dropping frequently,calls,-0.438,2025-09-12,Unknown,5,1,synthetic,2025-11-03 13:48:25.968690
437,vodafone,مشكلة في شحن الرصيد,balance,-0.759,2025-10-15,Dakahlia,8,0,synthetic,2025-11-03 13:48:25.968696
438,vodafone,Balance deduction is too quick,balance,0.003,2025-10-21,Unknown,3,1,synthetic,2025-11-03 13:48:25.968701
439,etisalat,My balance finishes too fast,balance,-0.624,2025-09-20,Sharqia,10,4,synthetic,2025-11-03 13:48:25.968709
440,vodafone,"Slow internet in Faiyum, can't even browse",internet,-0.485,2025-09-25,Faiyum,6,3,synthetic,2025-11-03 13:48:25.968714
441,orange,لا يوجد رد من خدمة العملاء,customer_service,-0.176,2025-09-11,Unknown,2,3,synthetic,2025-11-03 13:48:25.968720
442,orange,Bill amount is wrong this month,billing,-0.233,2025-10-14,Unknown,2,1,synthetic,2025-11-03 13:48:25.968725
443,vodafone,مشكلة في الشبكة في Sohag,network,-0.145,2025-10-26,Sohag,2,0,synthetic,2025-11-03 13:48:25.968731
444,etisalat,الإنترنت بطيء جداً في Aswan منذ ٣ أيام,internet,0.158,2025-10-07,Aswan,0,0,synthetic,2025-11-03 13:48:25.968751
445,orange,Network keeps dropping in Gharbia,network,0.006,2025-10-16,Gharbia,3,2,synthetic,2025-11-03 13:48:25.968758
446,vodafone,My balance finishes too fast,balance,0.039,2025-09-05,Unknown,0,0,synthetic,2025-11-03 13:48:25.968763
447,etisalat,Customer service not answering,customer_service,-0.798,2025-09-18,Cairo,6,1,synthetic,2025-11-03 13:48:25.968771
448,etisalat,لا يوجد إشارة في الطابق السفلي في Unknown,network,0.07,2025-10-04,Unknown,12,1,synthetic,2025-11-03 13:48:25.968783
449,vodafone,"Can't make calls, network busy",calls,0.099,2025-09-08,Beni Suef,1,1,synthetic,2025-11-03 13:48:25.968791
450,vodafone,Incorrect charges on my bill,billing,-0.795,2025-09-08,Monufia,9,0,synthetic,2025-11-03 13:48:25.968798
451,vodafone,Balance deduction is too quick,balance,-0.285,2025-09-06,Aswan,0,2,synthetic,2025-11-03 13:48:25.968804
452,etisalat,مشكلة في شحن الرصيد,balance,-0.72,2025-10-05,Minya,5,1,synthetic,2025-11-03 13:48:25.968810
453,orange,Bill amount is wrong this month,billing,-0.26,2025-10-31,Gharbia,4,3,synthetic,2025-11-03 13:48:25.968815
454,etisalat,Internet keeps disconnecting in Faiyum,internet,-0.509,2025-10-25,Faiyum,1,5,synthetic,2025-11-03 13:48:25.968822
455,we,جودة المكالمات سيئة,calls,-0.22,2025-09-26,Unknown,14,4,synthetic,2025-11-03 13:48:25.968827
456,vodafone,الفاتورة غير صحيحة هذا الشهر,billing,-0.354,2025-09-27,Beheira,8,0,synthetic,2025-11-03 13:48:25.968833
457,etisalat,Internet keeps disconnecting in Beni Suef,internet,-0.021,2025-10-20,Beni Suef,6,2,synthetic,2025-11-03 13:48:25.968841
458,orange,فاتورتي أعلى من المعتاد بدون سبب,billing,-0.632,2025-09-15,Unknown,14,4,synthetic,2025-11-03 13:48:25.968847
459,vodafone,خدمة العملاء سيئة جداً,customer_service,-0.069,2025-10-13,Monufia,13,0,synthetic,2025-11-03 13:48:25.968855
460,vodafone,مشكلة في النت في منطقة Giza,internet,0.158,2025-10-02,Giza,1,2,synthetic,2025-11-03 13:48:25.968861
461,orange,Customer service not answering,customer_service,-0.314,2025-10-18,Beheira,0,2,synthetic,2025-11-03 13:48:25.968868
462,vodafone,الإشارة ضعيفة في Alexandria,network,0.143,2025-10-30,Alexandria,13,5,synthetic,2025-11-03 13:48:25.968874
463,orange,Network keeps dropping in Unknown,network,-0.372,2025-09-15,Unknown,12,3,synthetic,2025-11-03 13:48:25.968880
464,vodafone,سرعة النت سيئة اليوم في Luxor,internet,-0.518,2025-10-03,Luxor,0,4,synthetic,2025-11-03 13:48:25.968887
465,orange,Customer service not answering,customer_service,-0.183,2025-09-28,Unknown,11,4,synthetic,2025-11-03 13:48:25.968893
466,vodafone,مشكلة في شحن الرصيد,balance,0.127,2025-10-22,Qalyubia,8,2,synthetic,2025-11-03 13:48:25.968899
467,vodafone,الإنترنت بطيء جداً في Suez منذ ٣ أيام,internet,-0.169,2025-10-23,Suez,5,5,synthetic,2025-11-03 13:48:25.968905
468,orange,مشكلة في النت في منطقة Beni Suef,internet,-0.224,2025-10-18,Beni Suef,15,3,synthetic,2025-11-03 13:48:25.968912
469,orange,جودة المكالمات سيئة,calls,-0.788,2025-10-09,Aswan,8,5,synthetic,2025-11-03 13:48:25.968920
470,orange,جودة المكالمات سيئة,calls,-0.63,2025-10-01,Giza,8,4,synthetic,2025-11-03 13:48:25.968926
471,orange,Incorrect charges on my bill,billing,-0.596,2025-09-19,Monufia,6,3,synthetic,2025-11-03 13:48:25.968932
472,vodafone,لا يوجد رد من خدمة العملاء,customer_service,-0.636,2025-11-02,Faiyum,3,2,synthetic,2025-11-03 13:48:25.968938
473,vodafone,سرعة النت سيئة اليوم في Unknown,internet,-0.581,2025-10-16,Unknown,1,5,synthetic,2025-11-03 13:48:25.968949
474,vodafone,مشكلة في شحن الرصيد,balance,0.085,2025-10-25,Unknown,10,0,synthetic,2025-11-03 13:48:25.968957
475,etisalat,My balance finishes too fast,balance,-0.13,2025-10-25,Unknown,0,1,synthetic,2025-11-03 13:48:25.968962
476,vodafone,My balance finishes too fast,balance,-0.091,2025-10-20,Unknown,7,4,synthetic,2025-11-03 13:48:25.968968
477,vodafone,Balance deduction is too quick,balance,-0.571,2025-10-21,Unknown,1,1,synthetic,2025-11-03 13:48:25.968974
478,vodafone,جودة المكالمات سيئة,calls,-0.359,2025-09-06,Sohag,13,0,synthetic,2025-11-03 13:48:25.968980
479,vodafone,مشكلة في إجراء المكالمات,calls,-0.625,2025-10-02,Aswan,5,0,synthetic,2025-11-03 13:48:25.968988
480,vodafone,Incorrect charges on my bill,billing,-0.499,2025-10-10,Port Said,10,0,synthetic,2025-11-03 13:48:25.968994
481,orange,مشكلة في إجراء المكالمات,calls,-0.304,2025-11-01,Cairo,9,4,synthetic,2025-11-03 13:48:25.969000
482,orange,الفاتورة غير صحيحة هذا الشهر,billing,-0.748,2025-09-09,Port Said,15,2,synthetic,2025-11-03 13:48:25.969005
483,orange,لا يوجد إشارة في الطابق السفلي في Faiyum,network,-0.146,2025-10-09,Faiyum,6,4,synthetic,2025-11-03 13:48:25.969012
484,vodafone,خدمة العملاء سيئة جداً,customer_service,-0.196,2025-10-17,Unknown,13,3,synthetic,2025-11-03 13:48:25.969018
485,etisalat,Incorrect charges on my bill,billing,-0.191,2025-10-19,Unknown,9,0,synthetic,2025-11-03 13:48:25.969023
486,orange,My balance finishes too fast,balance,-0.197,2025-09-28,Sohag,14,5,synthetic,2025-11-03 13:48:25.969029
487,orange,الإشارة ضعيفة في Unknown,network,-0.49,2025-10-14,Unknown,14,5,synthetic,2025-11-03 13:48:25.969035
488,orange,فاتورتي أعلى من المعتاد بدون سبب,billing,0.052,2025-10-04,Giza,3,1,synthetic,2025-11-03 13:48:25.969041
489,orange,Network keeps dropping in Ismailia,network,-0.316,2025-10-18,Ismailia,4,3,synthetic,2025-11-03 13:48:25.969048
490,orange,لا يوجد إشارة في الطابق السفلي في Giza,network,-0.119,2025-09-15,Giza,0,0,synthetic,2025-11-03 13:48:25.969055
491,vodafone,جودة المكالمات سيئة,calls,-0.726,2025-11-01,Port Said,5,4,synthetic,2025-11-03 13:48:25.969061
492,we,"Can't make calls, network busy",calls,-0.478,2025-10-22,Giza,6,4,synthetic,2025-11-03 13:48:25.969067
493,we,My balance finishes too fast,balance,-0.6,2025-10-18,Suez,6,0,synthetic,2025-11-03 13:48:25.969073
494,vodafone,Balance deduction is too quick,balance,0.077,2025-09-16,Beheira,6,0,synthetic,2025-11-03 13:48:25.969078
495,etisalat,Calls dropping frequently,calls,-0.244,2025-10-20,Suez,8,5,synthetic,2025-11-03 13:48:25.969084
496,vodafone,خدمة العملاء سيئة جداً,customer_service,-0.494,2025-09-10,Giza,1,3,synthetic,2025-11-03 13:48:25.969090
497,orange,"Can't make calls, network busy",calls,0.059,2025-09-28,Luxor,8,4,synthetic,2025-11-03 13:48:25.969096
498,vodafone,خدمة العملاء سيئة جداً,customer_service,0.175,2025-10-26,Port Said,1,0,synthetic,2025-11-03 13:48:25.969102
499,vodafone,Internet keeps disconnecting in Unknown,internet,-0.266,2025-09-15,Unknown,6,4,synthetic,2025-11-03 13:48:25.969110
500,vodafone,جودة المكالمات سيئة,calls,-0.538,2025-09-06,Unknown,0,2,synthetic,2025-11-03 13:48:25.969115
501,orange,Balance deduction is too quick,balance,-0.089,2025-09-04,Faiyum,13,0,synthetic,2025-11-03 13:48:25.969121
502,orange,المكالمات تنقطع فجأة,calls,-0.044,2025-10-23,Beni Suef,15,1,synthetic,2025-11-03 13:48:25.969127
503,orange,الإشارة ضعيفة في Qalyubia,network,-0.773,2025-10-17,Qalyubia,13,5,synthetic,2025-11-03 13:48:25.969134
504,etisalat,مشكلة في النت في منطقة Unknown,internet,-0.126,2025-09-16,Unknown,15,2,synthetic,2025-11-03 13:48:25.969140
505,vodafone,سرعة النت سيئة اليوم في Monufia,internet,-0.134,2025-10-17,Monufia,11,3,synthetic,2025-11-03 13:48:25.969146
506,vodafone,مشكلة في إجراء المكالمات,calls,-0.346,2025-10-13,Gharbia,10,5,synthetic,2025-11-03 13:48:25.969153
507,vodafone,خصم مبلغ غير صحيح من رصيدي,billing,0.078,2025-10-17,Unknown,0,2,synthetic,2025-11-03 13:48:25.969158
508,etisalat,الإشارة ضعيفة في Giza,network,-0.415,2025-10-23,Giza,5,4,synthetic,2025-11-03 13:48:25.969165
509,orange,الإنترنت بطيء جداً في Giza منذ ٣ أيام,internet,-0.33,2025-10-13,Giza,11,5,synthetic,2025-11-03 13:48:25.969173
510,etisalat,Waiting 30 minutes for customer service,customer_service,-0.05,2025-09-12,Unknown,0,1,synthetic,2025-11-03 13:48:25.969180
511,vodafone,"Can't make calls, network busy",calls,0.106,2025-09-07,Unknown,0,2,synthetic,2025-11-03 13:48:25.969185
512,we,Internet keeps disconnecting in Beheira,internet,0.181,2025-10-22,Beheira,3,3,synthetic,2025-11-03 13:48:25.969192
513,vodafone,الرصيد ينتهي بسرعة كبيرة,balance,-0.488,2025-09-20,Monufia,1,1,synthetic,2025-11-03 13:48:25.969198
514,vodafone,الإنترنت بطيء جداً في Qalyubia منذ ٣ أيام,internet,0.021,2025-09-20,Qalyubia,7,2,synthetic,2025-11-03 13:48:25.969204
515,etisalat,"Slow internet in Qalyubia, can't even browse",internet,0.119,2025-09-12,Qalyubia,0,5,synthetic,2025-11-03 13:48:25.969210
516,etisalat,Internet keeps disconnecting in Asyut,internet,-0.262,2025-09-07,Asyut,1,3,synthetic,2025-11-03 13:48:25.969217
517,vodafone,Customer service not answering,customer_service,-0.311,2025-09-24,Beni Suef,12,2,synthetic,2025-11-03 13:48:25.969224
518,vodafone,المكالمات تنقطع فجأة,calls,-0.628,2025-10-03,Unknown,11,3,synthetic,2025-11-03 13:48:25.969230
519,etisalat,Internet keeps disconnecting in Faiyum,internet,0.018,2025-10-31,Faiyum,12,5,synthetic,2025-11-03 13:48:25.969237
520,vodafone,Incorrect charges on my bill,billing,-0.66,2025-10-12,Luxor,8,2,synthetic,2025-11-03 13:48:25.969249
521,orange,المكالمات تنقطع فجأة,calls,-0.184,2025-11-02,Faiyum,6,0,synthetic,2025-11-03 13:48:25.969255
522,orange,سرعة النت سيئة اليوم في Port Said,internet,-0.399,2025-10-22,Port Said,9,5,synthetic,2025-11-03 13:48:25.969263
523,vodafone,My balance finishes too fast,balance,-0.392,2025-09-30,Unknown,11,0,synthetic,2025-11-03 13:48:25.969269
524,orange,فاتورتي أعلى من المعتاد بدون سبب,billing,-0.731,2025-09-16,Suez,10,0,synthetic,2025-11-03 13:48:25.969275
525,vodafone,خدمة العملاء سيئة جداً,customer_service,-0.653,2025-09-26,Port Said,14,0,synthetic,2025-11-03 13:48:25.969281
526,orange,مشكلة في شحن الرصيد,balance,-0.572,2025-09-28,Qena,13,2,synthetic,2025-11-03 13:48:25.969287
527,etisalat,الإشارة ضعيفة في Unknown,network,-0.409,2025-10-15,Unknown,4,5,synthetic,2025-11-03 13:48:25.969293
528,etisalat,"Can't make calls, network busy",calls,-0.648,2025-10-01,Sharqia,13,3,synthetic,2025-11-03 13:48:25.969298
529,vodafone,سرعة النت سيئة اليوم في Unknown,internet,-0.685,2025-11-02,Unknown,4,2,synthetic,2025-11-03 13:48:25.969306
530,etisalat,فاتورتي أعلى من المعتاد بدون سبب,billing,-0.712,2025-10-10,Qena,7,4,synthetic,2025-11-03 13:48:25.969312
531,vodafone,Waiting 30 minutes for customer service,customer_service,-0.74,2025-10-19,Qalyubia,3,1,synthetic,2025-11-03 13:48:25.969318
532,vodafone,الإنترنت بطيء جداً في Unknown منذ ٣ أيام,internet,-0.51,2025-10-31,Unknown,1,3,synthetic,2025-11-03 13:48:25.969325
533,orange,جودة المكالمات سيئة,calls,-0.075,2025-10-29,Asyut,12,3,synthetic,2025-11-03 13:48:25.969331
534,we,المكالمات تنقطع فجأة,calls,-0.344,2025-10-24,Minya,11,1,synthetic,2025-11-03 13:48:25.969336
535,vodafone,لا يوجد إشارة في الطابق السفلي في Asyut,network,-0.194,2025-09-20,Asyut,9,5,synthetic,2025-11-03 13:48:25.969343
536,etisalat,"Slow internet in Unknown, can't even browse",internet,0.062,2025-09-18,Unknown,11,5,synthetic,2025-11-03 13:48:25.969349
537,vodafone,Network keeps dropping in Cairo,network,-0.056,2025-10-22,Cairo,6,2,synthetic,2025-11-03 13:48:25.969355
538,orange,No network coverage in Dakahlia area,network,-0.594,2025-09-23,Dakahlia,10,4,synthetic,2025-11-03 13:48:25.969361
539,vodafone,خدمة العملاء لا ترد على الاتصالات,customer_service,0.125,2025-09-28,Ismailia,12,5,synthetic,2025-11-03 13:48:25.969371
540,orange,مشكلة في إجراء المكالمات,calls,0.188,2025-09-11,Luxor,10,4,synthetic,2025-11-03 13:48:25.969377
541,etisalat,Internet keeps disconnecting in Unknown,internet,-0.159,2025-09-04,Unknown,0,5,synthetic,2025-11-03 13:48:25.969383
542,orange,الإشارة ضعيفة في Qalyubia,network,-0.031,2025-10-14,Qalyubia,2,4,synthetic,2025-11-03 13:48:25.969391
543,orange,مشكلة في إجراء المكالمات,calls,-0.263,2025-10-24,Unknown,6,4,synthetic,2025-11-03 13:48:25.969397
544,vodafone,Internet keeps disconnecting in Qena,internet,-0.167,2025-09-26,Qena,8,3,synthetic,2025-11-03 13:48:25.969403
545,vodafone,"Can't make calls, network busy",calls,-0.69,2025-11-01,Ismailia,3,0,synthetic,2025-11-03 13:48:25.969409
546,orange,My balance finishes too fast,balance,-0.445,2025-10-02,Alexandria,1,0,synthetic,2025-11-03 13:48:25.969415
547,orange,فاتورتي أعلى من المعتاد بدون سبب,billing,-0.253,2025-10-01,Beheira,11,5,synthetic,2025-11-03 13:48:25.969421
548,orange,No network coverage in Gharbia area,network,-0.435,2025-10-08,Gharbia,15,5,synthetic,2025-11-03 13:48:25.969428
549,vodafone,Customer service not answering,customer_service,-0.48,2025-10-09,Beni Suef,11,2,synthetic,2025-11-03 13:48:25.969435
550,orange,الفاتورة غير صحيحة هذا الشهر,billing,-0.207,2025-10-18,Alexandria,10,4,synthetic,2025-11-03 13:48:25.969441
551,vodafone,لا يوجد رد من خدمة العملاء,customer_service,-0.797,2025-10-26,Minya,13,5,synthetic,2025-11-03 13:48:25.969447
552,vodafone,Waiting 30 minutes for customer service,customer_service,-0.635,2025-10-12,Unknown,11,4,synthetic,2025-11-03 13:48:25.969452
553,orange,الرصيد ينتهي بسرعة كبيرة,balance,-0.41,2025-10-21,Gharbia,0,0,synthetic,2025-11-03 13:48:25.969458
554,vodafone,Customer service not answering,customer_service,-0.112,2025-09-21,Unknown,4,3,synthetic,2025-11-03 13:48:25.969464
555,we,"Can't make calls, network busy",calls,-0.005,2025-10-22,Gharbia,13,2,synthetic,2025-11-03 13:48:25.969470
556,orange,Customer service not answering,customer_service,-0.47,2025-10-24,Alexandria,8,4,synthetic,2025-11-03 13:48:25.969476
557,we,الفاتورة غير صحيحة هذا الشهر,billing,-0.086,2025-10-25,Sohag,0,1,synthetic,2025-11-03 13:48:25.969481
558,etisalat,فاتورتي أعلى من المعتاد بدون سبب,billing,0.095,2025-09-15,Unknown,5,1,synthetic,2025-11-03 13:48:25.969487
559,we,المكالمات تنقطع فجأة,calls,0.092,2025-10-09,Sharqia,7,0,synthetic,2025-11-03 13:48:25.969496
560,vodafone,Bill amount is wrong this month,billing,-0.238,2025-09-18,Monufia,5,0,synthetic,2025-11-03 13:48:25.969502
561,vodafone,فاتورتي أعلى من المعتاد بدون سبب,billing,-0.681,2025-09-13,Unknown,10,4,synthetic,2025-11-03 13:48:25.969508
562,vodafone,الفاتورة غير صحيحة هذا الشهر,billing,-0.474,2025-09-29,Giza,15,5,synthetic,2025-11-03 13:48:25.969514
563,vodafone,My balance finishes too fast,balance,-0.187,2025-09-20,Unknown,9,2,synthetic,2025-11-03 13:48:25.969519
564,orange,"Slow internet in Unknown, can't even browse",internet,-0.514,2025-09-05,Unknown,3,3,synthetic,2025-11-03 13:48:25.969526
565,vodafone,المكالمات تنقطع فجأة,calls,-0.028,2025-09-07,Unknown,1,0,synthetic,2025-11-03 13:48:25.969532
566,vodafone,Calls dropping frequently,calls,-0.563,2025-10-11,Qalyubia,4,2,synthetic,2025-11-03 13:48:25.969538
567,vodafone,خدمة العملاء سيئة جداً,customer_service,0.022,2025-09-28,Unknown,10,1,synthetic,2025-11-03 13:48:25.969549
568,vodafone,مشكلة في إجراء المكالمات,calls,0.034,2025-10-05,Unknown,10,5,synthetic,2025-11-03 13:48:25.969556
569,orange,الفاتورة غير صحيحة هذا الشهر,billing,-0.437,2025-10-24,Monufia,14,0,synthetic,2025-11-03 13:48:25.969563
570,vodafone,رصيدي انتهى فجأة,balance,-0.615,2025-10-03,Asyut,10,3,synthetic,2025-11-03 13:48:25.969569
571,vodafone,مشكلة في النت في منطقة Giza,internet,-0.219,2025-10-04,Giza,7,3,synthetic,2025-11-03 13:48:25.969576
572,vodafone,مشكلة في إجراء المكالمات,calls,-0.229,2025-10-26,Asyut,15,0,synthetic,2025-11-03 13:48:25.969582
573,orange,خصم مبلغ غير صحيح من رصيدي,billing,0.135,2025-10-24,Unknown,5,3,synthetic,2025-11-03 13:48:25.969587
574,orange,خصم مبلغ غير صحيح من رصيدي,billing,0.106,2025-09-26,Unknown,8,2,synthetic,2025-11-03 13:48:25.969594
575,we,مشكلة في إجراء المكالمات,calls,-0.054,2025-10-20,Luxor,12,0,synthetic,2025-11-03 13:48:25.969601
576,vodafone,الإشارة ضعيفة في Unknown,network,-0.084,2025-10-01,Unknown,11,5,synthetic,2025-11-03 13:48:25.969607
577,vodafone,Bill amount is wrong this month,billing,0.105,2025-10-31,Beheira,5,4,synthetic,2025-11-03 13:48:25.969613
578,vodafone,خدمة العملاء لا ترد على الاتصالات,customer_service,0.112,2025-09-19,Aswan,2,4,synthetic,2025-11-03 13:48:25.969618
579,we,المكالمات تنقطع فجأة,calls,-0.427,2025-10-22,Unknown,0,1,synthetic,2025-11-03 13:48:25.969626
580,vodafone,"Slow internet in Unknown, can't even browse",internet,0.009,2025-09-10,Unknown,3,4,synthetic,2025-11-03 13:48:25.969632
581,we,"Slow internet in Beheira, can't even browse",internet,-0.258,2025-10-18,Beheira,3,0,synthetic,2025-11-03 13:48:25.969638
582,etisalat,الرصيد ينتهي بسرعة كبيرة,balance,-0.108,2025-10-27,Unknown,12,4,synthetic,2025-11-03 13:48:25.969644
583,vodafone,Calls dropping frequently,calls,-0.009,2025-10-12,Asyut,5,0,synthetic,2025-11-03 13:48:25.969650
584,etisalat,"Can't make calls, network busy",calls,-0.652,2025-09-16,Giza,13,2,synthetic,2025-11-03 13:48:25.969656
585,etisalat,مشكلة في الشبكة في Beheira,network,-0.6,2025-10-07,Beheira,7,0,synthetic,2025-11-03 13:48:25.969662
586,etisalat,خدمة العملاء لا ترد على الاتصالات,customer_service,-0.714,2025-10-20,Unknown,4,0,synthetic,2025-11-03 13:48:25.969668
587,orange,Balance deduction is too quick,balance,-0.393,2025-09-10,Beni Suef,8,1,synthetic,2025-11-03 13:48:25.969674
588,orange,رصيدي انتهى فجأة,balance,0.027,2025-10-22,Unknown,3,5,synthetic,2025-11-03 13:48:25.969680
589,orange,خدمة العملاء سيئة جداً,customer_service,0.064,2025-10-19,Port Said,12,5,synthetic,2025-11-03 13:48:25.969687
590,we,Bill amount is wrong this month,billing,-0.692,2025-09-19,Qena,6,5,synthetic,2025-11-03 13:48:25.969693
591,vodafone,خدمة العملاء لا ترد على الاتصالات,customer_service,-0.264,2025-10-22,Sharqia,9,2,synthetic,2025-11-03 13:48:25.969699
592,orange,Incorrect charges on my bill,billing,0.164,2025-10-24,Aswan,8,1,synthetic,2025-11-03 13:48:25.969705
593,vodafone,الفاتورة غير صحيحة هذا الشهر,billing,-0.789,2025-10-10,Unknown,15,3,synthetic,2025-11-03 13:48:25.969711
594,we,رصيدي انتهى فجأة,balance,-0.767,2025-10-22,Faiyum,3,4,synthetic,2025-11-03 13:48:25.969718
595,vodafone,خدمة العملاء سيئة جداً,customer_service,0.023,2025-10-25,Minya,0,2,synthetic,2025-11-03 13:48:25.969724
596,vodafone,Bill amount is wrong this month,billing,-0.136,2025-10-09,Unknown,5,4,synthetic,2025-11-03 13:48:25.969730
597,we,الإشارة ضعيفة في Beni Suef,network,-0.54,2025-10-07,Beni Suef,8,1,synthetic,2025-11-03 13:48:25.969736
598,etisalat,لا يوجد رد من خدمة العملاء,customer_service,-0.598,2025-10-18,Beni Suef,6,2,synthetic,2025-11-03 13:48:25.969742
599,orange,"Slow internet in Unknown, can't even browse",internet,-0.717,2025-11-01,Unknown,9,2,synthetic,2025-11-03 13:48:25.969750
600,vodafone,"Can't make calls, network busy",calls,0.105,2025-10-13,Ismailia,8,4,synthetic,2025-11-03 13:48:25.969756
